{"cameraMode":{"drawMode":0,"name":"Shaded","section":"Shading Mode"},"sceneLighting":true,"audioPlay":false,"sceneViewState":{"m_AlwaysRefresh":false,"showFog":true,"showSkybox":false,"showFlares":true,"showImageEffects":true,"showParticleSystems":true,"showVisualEffectGraphs":true,"m_FxEnabled":true},"in2DMode":false,"pivot":{"x":-2.299999952316284,"y":-0.4284365177154541,"z":11.739999771118164},"rotation":{"x":0.03085055947303772,"y":0.010882619768381119,"z":-0.00033565418561920524,"w":0.9994655847549439},"size":2.8580174446105959,"orthographic":false}