{"cameraMode":{"drawMode":0,"name":"Shaded","section":"Shading Mode"},"sceneLighting":false,"audioPlay":false,"sceneViewState":{"m_AlwaysRefresh":false,"showFog":true,"showSkybox":false,"showFlares":true,"showImageEffects":true,"showParticleSystems":true,"showVisualEffectGraphs":true,"m_FxEnabled":true},"in2DMode":false,"pivot":{"x":0.1161050871014595,"y":0.0894729271531105,"z":0.014234624803066254},"rotation":{"x":0.3471369743347168,"y":-0.3618309497833252,"z":0.14732182025909425,"w":0.8525691628456116},"size":0.06940431892871857,"orthographic":false}