{"cameraMode":{"drawMode":0,"name":"Shaded","section":"Shading Mode"},"sceneLighting":true,"audioPlay":false,"sceneViewState":{"m_AlwaysRefresh":false,"showFog":true,"showSkybox":false,"showFlares":true,"showImageEffects":true,"showParticleSystems":true,"showVisualEffectGraphs":true,"m_FxEnabled":true},"in2DMode":false,"pivot":{"x":-9.916153907775879,"y":5.984914779663086,"z":10.672630310058594},"rotation":{"x":-0.049988579005002978,"y":-0.9494003057479858,"z":0.2008679062128067,"w":-0.23624905943870545},"size":1.1088204383850098,"orthographic":false}