{"cameraMode":{"drawMode":0,"name":"Shaded","section":"Shading Mode"},"sceneLighting":false,"audioPlay":false,"sceneViewState":{"m_AlwaysRefresh":false,"showFog":true,"showSkybox":false,"showFlares":true,"showImageEffects":true,"showParticleSystems":true,"showVisualEffectGraphs":true,"m_FxEnabled":true},"in2DMode":false,"pivot":{"x":-0.0006048530340194702,"y":-2.980232238769531e-7,"z":0.0028308629989624025},"rotation":{"x":-0.02684132009744644,"y":0.8279278874397278,"z":-0.03977195918560028,"w":-0.5587973594665527},"size":0.7254500985145569,"orthographic":false}