{"cameraMode":{"drawMode":0,"name":"Shaded","section":"Shading Mode"},"sceneLighting":false,"audioPlay":false,"sceneViewState":{"m_AlwaysRefresh":false,"showFog":true,"showSkybox":false,"showFlares":true,"showImageEffects":true,"showParticleSystems":true,"showVisualEffectGraphs":true,"m_FxEnabled":true},"in2DMode":false,"pivot":{"x":1.62515789270401e-7,"y":-0.008117415010929108,"z":0.020111963152885438},"rotation":{"x":0.13849744200706483,"y":0.6993387341499329,"z":-0.14100110530853272,"w":0.686924934387207},"size":0.14699462056159974,"orthographic":false}