{"cameraMode":{"drawMode":0,"name":"Shaded","section":"Shading Mode"},"sceneLighting":true,"audioPlay":false,"sceneViewState":{"m_AlwaysRefresh":false,"showFog":true,"showSkybox":true,"showFlares":true,"showImageEffects":true,"showParticleSystems":true,"showVisualEffectGraphs":true,"m_FxEnabled":true},"in2DMode":false,"pivot":{"x":20.75291633605957,"y":1.705047607421875,"z":-4.0493998527526859},"rotation":{"x":0.22537589073181153,"y":-0.1504477858543396,"z":0.03525278717279434,"w":0.9619438648223877},"size":0.6666437983512878,"orthographic":false}