{"cameraMode":{"drawMode":0,"name":"Shaded","section":"Shading Mode"},"sceneLighting":true,"audioPlay":false,"sceneViewState":{"m_AlwaysRefresh":false,"showFog":true,"showSkybox":false,"showFlares":true,"showImageEffects":true,"showParticleSystems":true,"showVisualEffectGraphs":true,"m_FxEnabled":true},"in2DMode":false,"pivot":{"x":-1.9836816787719727,"y":0.19631437957286836,"z":0.49554696679115298},"rotation":{"x":0.011274182237684727,"y":-0.5610039830207825,"z":-0.007638168521225452,"w":-0.8277035355567932},"size":0.04327463358640671,"orthographic":false}