{"cameraMode":{"drawMode":0,"name":"Shaded","section":"Shading Mode"},"sceneLighting":false,"audioPlay":false,"sceneViewState":{"m_AlwaysRefresh":false,"showFog":true,"showSkybox":false,"showFlares":true,"showImageEffects":true,"showParticleSystems":true,"showVisualEffectGraphs":true,"m_FxEnabled":true},"in2DMode":false,"pivot":{"x":0.0004679076373577118,"y":-0.041590139269828799,"z":-0.018963992595672609},"rotation":{"x":0.26026713848114016,"y":-0.5819928646087647,"z":0.2038782387971878,"w":0.7429552674293518},"size":0.47176113724708559,"orthographic":false}