{"cameraMode":{"drawMode":0,"name":"Shaded","section":"Shading Mode"},"sceneLighting":false,"audioPlay":false,"sceneViewState":{"m_AlwaysRefresh":false,"showFog":true,"showSkybox":false,"showFlares":true,"showImageEffects":true,"showParticleSystems":true,"showVisualEffectGraphs":true,"m_FxEnabled":true},"in2DMode":false,"pivot":{"x":1.6084558963775635,"y":0.9273621439933777,"z":0.6027281880378723},"rotation":{"x":0.26026713848114016,"y":-0.5819928646087647,"z":0.2038782387971878,"w":0.7429552674293518},"size":0.01420629769563675,"orthographic":false}