{"cameraMode":{"drawMode":0,"name":"Shaded","section":"Shading Mode"},"sceneLighting":false,"audioPlay":false,"sceneViewState":{"m_AlwaysRefresh":false,"showFog":true,"showSkybox":false,"showFlares":true,"showImageEffects":true,"showParticleSystems":true,"showVisualEffectGraphs":true,"m_FxEnabled":true},"in2DMode":false,"pivot":{"x":0.00009394064545631409,"y":0.012544222176074982,"z":0.0019112247973680497},"rotation":{"x":0.2742420732975006,"y":-0.6066235899925232,"z":0.23488843441009522,"w":0.7082589864730835},"size":0.05683601275086403,"orthographic":false}